BCF08232000,2023-08-01
BCF08232001,2023-08-01
BCF08232002,2023-08-01
BCF08232003,2023-08-01
BCF08232004,2023-08-01
BCF08232005,2023-08-01
BCF08232006,2023-08-01
BCF08232007,2023-08-01
BCF08232008,2023-08-01
BCF08232009,2023-08-01
BCF08232010,2023-08-01
BCF08232011,2023-08-01
BCF08232012,2023-08-01
BCF08232013,2023-08-01
BCF08232014,2023-08-01
BCF08232015,2023-08-01
BCF08232016,2023-08-01
BCF08232017,2023-08-01
BCF08232018,2023-08-01
BCF08232019,2023-08-01
BCF08232020,2023-08-01
BCF08232021,2023-08-01
BCF08232022,2023-08-01
BCF08232023,2023-08-01
BCF08232024,2023-08-01
BCF08232025,2023-08-01
BCF08232026,2023-08-01
BCF08232027,2023-08-01
BCF08232028,2023-08-01
BCF08232029,2023-08-01
BCF08232030,2023-08-01
BCF08232031,2023-08-01
BCF08232032,2023-08-01
BCF08232033,2023-08-01
BCF08232034,2023-08-01
BCF08232035,2023-08-01
BCF08232036,2023-08-01
BCF08232037,2023-08-01
BCF08232038,2023-08-01
BCF08232039,2023-08-01
BCF08232040,2023-08-01
BCF08232041,2023-08-01
BCF08232042,2023-08-01
BCF08232043,2023-08-01
BCF08232044,2023-08-01
BCF08232045,2023-08-01
BCF08232046,2023-08-01
BCF08232047,2023-08-01
BCF08232048,2023-08-01
BCF08232049,2023-08-01
BCF08232050,2023-08-01
BCF08232051,2023-08-01
BCF08232052,2023-08-01
BCF08232053,2023-08-01
BCF08232054,2023-08-01
BCF08232055,2023-08-01
BCF08232056,2023-08-01
BCF08232057,2023-08-01
BCF08232058,2023-08-01
BCF08232059,2023-08-01
BCF08232060,2023-08-01
BCF08232061,2023-08-01
BCF08232062,2023-08-01
BCF08232063,2023-08-01
BCF08232064,2023-08-01
BCF08232065,2023-08-01
BCF08232066,2023-08-01
BCF08232067,2023-08-01
BCF08232068,2023-08-01
BCF08232069,2023-08-01
BCF08232070,2023-08-01
BCF08232071,2023-08-01
BCF08232072,2023-08-01
BCF08232073,2023-08-01
BCF08232074,2023-08-01
BCF08232075,2023-08-01
BCF08232076,2023-08-01
BCF08232077,2023-08-01
BCF08232078,2023-08-01
BCF08232079,2023-08-01
BCF08232080,2023-08-01
BCF08232081,2023-08-01
BCF08232082,2023-08-01
BCF08232083,2023-08-01
BCF08232084,2023-08-01
BCF08232085,2023-08-01
BCF08232086,2023-08-01
BCF08232087,2023-08-01
BCF08232088,2023-08-01
BCF08232089,2023-08-01
BCF08232090,2023-08-01
BCF08232091,2023-08-01
BCF08232092,2023-08-01
BCF08232093,2023-08-01
BCF08232094,2023-08-01
BCF08232095,2023-08-01
BCF08232096,2023-08-01
BCF08232097,2023-08-01
BCF08232098,2023-08-01
BCF08232099,2023-08-01
BCF08232100,2023-08-01
BCF08232101,2023-08-01
BCF08232102,2023-08-01
BCF08232103,2023-08-01
BCF08232104,2023-08-01
BCF08232105,2023-08-01
BCF08232106,2023-08-01
BCF08232107,2023-08-01
BCF08232108,2023-08-01
BCF08232109,2023-08-01
BCF08232110,2023-08-01
BCF08232111,2023-08-01
BCF08232112,2023-08-01
BCF08232113,2023-08-01
BCF08232114,2023-08-01
BCF08232115,2023-08-01
BCF08232116,2023-08-01
BCF08232117,2023-08-01
BCF08232118,2023-08-01
BCF08232119,2023-08-01
BCF08232120,2023-08-01
BCF08232121,2023-08-01
BCF08232122,2023-08-01
BCF08232123,2023-08-01
BCF08232124,2023-08-01
BCF08232125,2023-08-01
BCF08232126,2023-08-01
BCF08232127,2023-08-01
BCF08232128,2023-08-01
BCF08232129,2023-08-01
BCF08232130,2023-08-01
BCF08232131,2023-08-01
BCF08232132,2023-08-01
BCF08232133,2023-08-01
BCF08232134,2023-08-01
BCF08232135,2023-08-01
BCF08232136,2023-08-01
BCF08232137,2023-08-01
BCF08232138,2023-08-01
BCF08232139,2023-08-01
BCF08232140,2023-08-01
BCF08232141,2023-08-01
BCF08232142,2023-08-01
BCF08232143,2023-08-01
BCF08232144,2023-08-01
BCF08232145,2023-08-01
BCF08232146,2023-08-01
BCF08232147,2023-08-01
BCF08232148,2023-08-01
BCF08232149,2023-08-01
BCF08232150,2023-08-01
BCF08232151,2023-08-01
BCF08232152,2023-08-01
BCF08232153,2023-08-01
BCF08232154,2023-08-01
BCF08232155,2023-08-01
BCF08232156,2023-08-01
BCF08232157,2023-08-01
BCF08232158,2023-08-01
BCF08232159,2023-08-01
BCF08232160,2023-08-01
BCF08232161,2023-08-01
BCF08232162,2023-08-01
BCF08232163,2023-08-01
BCF08232164,2023-08-01
BCF08232165,2023-08-01
BCF08232166,2023-08-01
BCF08232167,2023-08-01
BCF08232168,2023-08-01
BCF08232169,2023-08-01
BCF08232170,2023-08-01
BCF08232171,2023-08-01
BCF08232172,2023-08-01
BCF08232173,2023-08-01
BCF08232174,2023-08-01
BCF08232175,2023-08-01
BCF08232176,2023-08-01
BCF08232177,2023-08-01
BCF08232178,2023-08-01
BCF08232179,2023-08-01
BCF08232180,2023-08-01
BCF08232181,2023-08-01
BCF08232182,2023-08-01
BCF08232183,2023-08-01
BCF08232184,2023-08-01
BCF08232185,2023-08-01
BCF08232186,2023-08-01
BCF08232187,2023-08-01
BCF08232188,2023-08-01
BCF08232189,2023-08-01
BCF08232190,2023-08-01
BCF08232191,2023-08-01
BCF08232192,2023-08-01
BCF08232193,2023-08-01
BCF08232194,2023-08-01
BCF08232195,2023-08-01
BCF08232196,2023-08-01
BCF08232197,2023-08-01
BCF08232198,2023-08-01
BCF08232199,2023-08-01
BCF08232200,2023-08-01
BCF08232201,2023-08-01
BCF08232202,2023-08-01
BCF08232203,2023-08-01
BCF08232204,2023-08-01
BCF08232205,2023-08-01
BCF08232206,2023-08-01
BCF08232207,2023-08-01
BCF08232208,2023-08-01
BCF08232209,2023-08-01
BCF08232210,2023-08-01
BCF08232211,2023-08-01
BCF08232212,2023-08-01
BCF08232213,2023-08-01
BCF08232214,2023-08-01
BCF08232215,2023-08-01
BCF08232216,2023-08-01
BCF08232217,2023-08-01
BCF08232218,2023-08-01
BCF08232219,2023-08-01
BCF08232220,2023-08-01
BCF08232221,2023-08-01
BCF08232222,2023-08-01
BCF08232223,2023-08-01
BCF08232224,2023-08-01
BCF08232225,2023-08-01
BCF08232226,2023-08-01
BCF08232227,2023-08-01
BCF08232228,2023-08-01
BCF08232229,2023-08-01
BCF08232230,2023-08-01
BCF08232231,2023-08-01
BCF08232232,2023-08-01
BCF08232233,2023-08-01
BCF08232234,2023-08-01
BCF08232235,2023-08-01
BCF08232236,2023-08-01
BCF08232237,2023-08-01
BCF08232238,2023-08-01
BCF08232239,2023-08-01
BCF08232240,2023-08-01
BCF08232241,2023-08-01
BCF08232242,2023-08-01
BCF08232243,2023-08-01
BCF08232244,2023-08-01
BCF08232245,2023-08-01
BCF08232246,2023-08-01
BCF08232247,2023-08-01
BCF08232248,2023-08-01
BCF08232249,2023-08-01
BCF08232250,2023-08-01
BCF08232251,2023-08-01
BCF08232252,2023-08-01
BCF08232253,2023-08-01
BCF08232254,2023-08-01
BCF08232255,2023-08-01
BCF08232256,2023-08-01
BCF08232257,2023-08-01
BCF08232258,2023-08-01
BCF08232259,2023-08-01
BCF08232260,2023-08-01
BCF08232261,2023-08-01
BCF08232262,2023-08-01
BCF08232263,2023-08-01
BCF08232264,2023-08-01
BCF08232265,2023-08-01
BCF08232266,2023-08-01
BCF08232267,2023-08-01
BCF08232268,2023-08-01
BCF08232269,2023-08-01
BCF08232270,2023-08-01
BCF08232271,2023-08-01
BCF08232272,2023-08-01
BCF08232273,2023-08-01
BCF08232274,2023-08-01
BCF08232275,2023-08-01
BCF08232276,2023-08-01
BCF08232277,2023-08-01
BCF08232278,2023-08-01
BCF08232279,2023-08-01
BCF08232280,2023-08-01
BCF08232281,2023-08-01
BCF08232282,2023-08-01
BCF08232283,2023-08-01
BCF08232284,2023-08-01
BCF08232285,2023-08-01
BCF08232286,2023-08-01
BCF08232287,2023-08-01
BCF08232288,2023-08-01
BCF08232289,2023-08-01
BCF08232290,2023-08-01
BCF08232291,2023-08-01
BCF08232292,2023-08-01
BCF08232293,2023-08-01
BCF08232294,2023-08-01
BCF08232295,2023-08-01
BCF08232296,2023-08-01
BCF08232297,2023-08-01
BCF08232298,2023-08-01
BCF08232299,2023-08-01
BCF08232300,2023-08-01
BCF08232301,2023-08-01
BCF08232302,2023-08-01
BCF08232303,2023-08-01
BCF08232304,2023-08-01
BCF08232305,2023-08-01
BCF08232306,2023-08-01
BCF08232307,2023-08-01
BCF08232308,2023-08-01
BCF08232309,2023-08-01
BCF08232310,2023-08-01
BCF08232311,2023-08-01
BCF08232312,2023-08-01
BCF08232313,2023-08-01
BCF08232314,2023-08-01
BCF08232315,2023-08-01
BCF08232316,2023-08-01
BCF08232317,2023-08-01
BCF08232318,2023-08-01
BCF08232319,2023-08-01
BCF08232320,2023-08-01
BCF08232321,2023-08-01
BCF08232322,2023-08-01
BCF08232323,2023-08-01
BCF08232324,2023-08-01
BCF08232325,2023-08-01
BCF08232326,2023-08-01
BCF08232327,2023-08-01
BCF08232328,2023-08-01
BCF08232329,2023-08-01
BCF08232330,2023-08-01
BCF08232331,2023-08-01
BCF08232332,2023-08-01
BCF08232333,2023-08-01
BCF08232334,2023-08-01
BCF08232335,2023-08-01
BCF08232336,2023-08-01
BCF08232337,2023-08-01
BCF08232338,2023-08-01
BCF08232339,2023-08-01
BCF08232340,2023-08-01
BCF08232341,2023-08-01
BCF08232342,2023-08-01
BCF08232343,2023-08-01
BCF08232344,2023-08-01
BCF08232345,2023-08-01
BCF08232346,2023-08-01
BCF08232347,2023-08-01
BCF08232348,2023-08-01
BCF08232349,2023-08-01
BCF08232350,2023-08-01
BCF08232351,2023-08-01
BCF08232352,2023-08-01
BCF08232353,2023-08-01
BCF08232354,2023-08-01
BCF08232355,2023-08-01
BCF08232356,2023-08-01
BCF08232357,2023-08-01
BCF08232358,2023-08-01
BCF08232359,2023-08-01
BCF08232360,2023-08-01
BCF08232361,2023-08-01
BCF08232362,2023-08-01
BCF08232363,2023-08-01
BCF08232364,2023-08-01
BCF08232365,2023-08-01
BCF08232366,2023-08-01
BCF08232367,2023-08-01
BCF08232368,2023-08-01
BCF08232369,2023-08-01
BCF08232370,2023-08-01
BCF08232371,2023-08-01
BCF08232372,2023-08-01
BCF08232373,2023-08-01
BCF08232374,2023-08-01
BCF08232375,2023-08-01
BCF08232376,2023-08-01
BCF08232377,2023-08-01
BCF08232378,2023-08-01
BCF08232379,2023-08-01
BCF08232380,2023-08-01
BCF08232381,2023-08-01
BCF08232382,2023-08-01
BCF08232383,2023-08-01
BCF08232384,2023-08-01
BCF08232385,2023-08-01
BCF08232386,2023-08-01
BCF08232387,2023-08-01
BCF08232388,2023-08-01
BCF08232389,2023-08-01
BCF08232390,2023-08-01
BCF08232391,2023-08-01
BCF08232392,2023-08-01
BCF08232393,2023-08-01
BCF08232394,2023-08-01
BCF08232395,2023-08-01
BCF08232396,2023-08-01
BCF08232397,2023-08-01
BCF08232398,2023-08-01
BCF08232399,2023-08-01
BCF08232400,2023-08-01
BCF08232401,2023-08-01
BCF08232402,2023-08-01
BCF08232403,2023-08-01
BCF08232404,2023-08-01
BCF08232405,2023-08-01
BCF08232406,2023-08-01
BCF08232407,2023-08-01
BCF08232408,2023-08-01
BCF08232409,2023-08-01
BCF08232410,2023-08-01
BCF08232411,2023-08-01
BCF08232412,2023-08-01
BCF08232413,2023-08-01
BCF08232414,2023-08-01
BCF08232415,2023-08-01
BCF08232416,2023-08-01
BCF08232417,2023-08-01
BCF08232418,2023-08-01
BCF08232419,2023-08-01
BCF08232420,2023-08-01
BCF08232421,2023-08-01
BCF08232422,2023-08-01
BCF08232423,2023-08-01
BCF08232424,2023-08-01
BCF08232425,2023-08-01
BCF08232426,2023-08-01
BCF08232427,2023-08-01
BCF08232428,2023-08-01
BCF08232429,2023-08-01
BCF08232430,2023-08-01
BCF08232431,2023-08-01
BCF08232432,2023-08-01
BCF08232433,2023-08-01
BCF08232434,2023-08-01
BCF08232435,2023-08-01
BCF08232436,2023-08-01
BCF08232437,2023-08-01
BCF08232438,2023-08-01
BCF08232439,2023-08-01
BCF08232440,2023-08-01
BCF08232441,2023-08-01
BCF08232442,2023-08-01
BCF08232443,2023-08-01
BCF08232444,2023-08-01
BCF08232445,2023-08-01
BCF08232446,2023-08-01
BCF08232447,2023-08-01
BCF08232448,2023-08-01
BCF08232449,2023-08-01
BCF08232450,2023-08-01
BCF08232451,2023-08-01
BCF08232452,2023-08-01
BCF08232453,2023-08-01
BCF08232454,2023-08-01
BCF08232455,2023-08-01
BCF08232456,2023-08-01
BCF08232457,2023-08-01
BCF08232458,2023-08-01
BCF08232459,2023-08-01
BCF08232460,2023-08-01
BCF08232461,2023-08-01
BCF08232462,2023-08-01
BCF08232463,2023-08-01
BCF08232464,2023-08-01
BCF08232465,2023-08-01
BCF08232466,2023-08-01
BCF08232467,2023-08-01
BCF08232468,2023-08-01
BCF08232469,2023-08-01
BCF08232470,2023-08-01
BCF08232471,2023-08-01
BCF08232472,2023-08-01
BCF08232473,2023-08-01
BCF08232474,2023-08-01
BCF08232475,2023-08-01
BCF08232476,2023-08-01
BCF08232477,2023-08-01
BCF08232478,2023-08-01
BCF08232479,2023-08-01
BCF08232480,2023-08-01
BCF08232481,2023-08-01
BCF08232482,2023-08-01
BCF08232483,2023-08-01
BCF08232484,2023-08-01
BCF08232485,2023-08-01
BCF08232486,2023-08-01
BCF08232487,2023-08-01
BCF08232488,2023-08-01
BCF08232489,2023-08-01
BCF08232490,2023-08-01
BCF08232491,2023-08-01
BCF08232492,2023-08-01
BCF08232493,2023-08-01
BCF08232494,2023-08-01
BCF08232495,2023-08-01
BCF08232496,2023-08-01
BCF08232497,2023-08-01
BCF08232498,2023-08-01
BCF08232499,2023-08-01
BCF08232500,2023-08-01
BCF08232501,2023-08-01
BCF08232502,2023-08-01
BCF08232503,2023-08-01
BCF08232504,2023-08-01
BCF08232505,2023-08-01
BCF08232506,2023-08-01
BCF08232507,2023-08-01
BCF08232508,2023-08-01
BCF08232509,2023-08-01
BCF08232510,2023-08-01
BCF08232511,2023-08-01
BCF08232512,2023-08-01
BCF08232513,2023-08-01
BCF08232514,2023-08-01
BCF08232515,2023-08-01
BCF08232516,2023-08-01
BCF08232517,2023-08-01
BCF08232518,2023-08-01
BCF08232519,2023-08-01
BCF08232520,2023-08-01
BCF08232521,2023-08-01
BCF08232522,2023-08-01
BCF08232523,2023-08-01
BCF08232524,2023-08-01
BCF08232525,2023-08-01
BCF08232526,2023-08-01
BCF08232527,2023-08-01
BCF08232528,2023-08-01
BCF08232529,2023-08-01
BCF08232530,2023-08-01
BCF08232531,2023-08-01
BCF08232532,2023-08-01
BCF08232533,2023-08-01
BCF08232534,2023-08-01
BCF08232535,2023-08-01
BCF08232536,2023-08-01
BCF08232537,2023-08-01
BCF08232538,2023-08-01
BCF08232539,2023-08-01
BCF08232540,2023-08-01
BCF08232541,2023-08-01
BCF08232542,2023-08-01
BCF08232543,2023-08-01
BCF08232544,2023-08-01
BCF08232545,2023-08-01
BCF08232546,2023-08-01
BCF08232547,2023-08-01
BCF08232548,2023-08-01
BCF08232549,2023-08-01
BCF08232550,2023-08-01
BCF08232551,2023-08-01
BCF08232552,2023-08-01
BCF08232553,2023-08-01
BCF08232554,2023-08-01
BCF08232555,2023-08-01
BCF08232556,2023-08-01
BCF08232557,2023-08-01
BCF08232558,2023-08-01
BCF08232559,2023-08-01
BCF08232560,2023-08-01
BCF08232561,2023-08-01
BCF08232562,2023-08-01
BCF08232563,2023-08-01
BCF08232564,2023-08-01
BCF08232565,2023-08-01
BCF08232566,2023-08-01
BCF08232567,2023-08-01
BCF08232568,2023-08-01
BCF08232569,2023-08-01
BCF08232570,2023-08-01
BCF08232571,2023-08-01
BCF08232572,2023-08-01
BCF08232573,2023-08-01
BCF08232574,2023-08-01
BCF08232575,2023-08-01
BCF08232576,2023-08-01
BCF08232577,2023-08-01
BCF08232578,2023-08-01
BCF08232579,2023-08-01
BCF08232580,2023-08-01
BCF08232581,2023-08-01
BCF08232582,2023-08-01
BCF08232583,2023-08-01
BCF08232584,2023-08-01
BCF08232585,2023-08-01
BCF08232586,2023-08-01
BCF08232587,2023-08-01
BCF08232588,2023-08-01
BCF08232589,2023-08-01
BCF08232590,2023-08-01
BCF08232591,2023-08-01
BCF08232592,2023-08-01
BCF08232593,2023-08-01
BCF08232594,2023-08-01
BCF08232595,2023-08-01
BCF08232596,2023-08-01
BCF08232597,2023-08-01
BCF08232598,2023-08-01
BCF08232599,2023-08-01
BCF08232600,2023-08-01
BCF08232601,2023-08-01
BCF08232602,2023-08-01
BCF08232603,2023-08-01
BCF08232604,2023-08-01
BCF08232605,2023-08-01
BCF08232606,2023-08-01
BCF08232607,2023-08-01
BCF08232608,2023-08-01
BCF08232609,2023-08-01
BCF08232610,2023-08-01
BCF08232611,2023-08-01
BCF08232612,2023-08-01
BCF08232613,2023-08-01
BCF08232614,2023-08-01
BCF08232615,2023-08-01
BCF08232616,2023-08-01
BCF08232617,2023-08-01
BCF08232618,2023-08-01
BCF08232619,2023-08-01
BCF08232620,2023-08-01
BCF08232621,2023-08-01
BCF08232622,2023-08-01
BCF08232623,2023-08-01
BCF08232624,2023-08-01
BCF08232625,2023-08-01
BCF08232626,2023-08-01
BCF08232627,2023-08-01
BCF08232628,2023-08-01
BCF08232629,2023-08-01
BCF08232630,2023-08-01
BCF08232631,2023-08-01
BCF08232632,2023-08-01
BCF08232633,2023-08-01
BCF08232634,2023-08-01
BCF08232635,2023-08-01
BCF08232636,2023-08-01
BCF08232637,2023-08-01
BCF08232638,2023-08-01
BCF08232639,2023-08-01
BCF08232640,2023-08-01
BCF08232641,2023-08-01
BCF08232642,2023-08-01
BCF08232643,2023-08-01
BCF08232644,2023-08-01
BCF08232645,2023-08-01
BCF08232646,2023-08-01
BCF08232647,2023-08-01
BCF08232648,2023-08-01
BCF08232649,2023-08-01
BCF08232650,2023-08-01
BCF08232651,2023-08-01
BCF08232652,2023-08-01
BCF08232653,2023-08-01
BCF08232654,2023-08-01
BCF08232655,2023-08-01
BCF08232656,2023-08-01
BCF08232657,2023-08-01
BCF08232658,2023-08-01
BCF08232659,2023-08-01
BCF08232660,2023-08-01
BCF08232661,2023-08-01
BCF08232662,2023-08-01
BCF08232663,2023-08-01
BCF08232664,2023-08-01
BCF08232665,2023-08-01
BCF08232666,2023-08-01
BCF08232667,2023-08-01
BCF08232668,2023-08-01
BCF08232669,2023-08-01
BCF08232670,2023-08-01
BCF08232671,2023-08-01
BCF08232672,2023-08-01
BCF08232673,2023-08-01
BCF08232674,2023-08-01
BCF08232675,2023-08-01
BCF08232676,2023-08-01
BCF08232677,2023-08-01
BCF08232678,2023-08-01
BCF08232679,2023-08-01
BCF08232680,2023-08-01
BCF08232681,2023-08-01
BCF08232682,2023-08-01
BCF08232683,2023-08-01
BCF08232684,2023-08-01
BCF08232685,2023-08-01
BCF08232686,2023-08-01
BCF08232687,2023-08-01
BCF08232688,2023-08-01
BCF08232689,2023-08-01
BCF08232690,2023-08-01
BCF08232691,2023-08-01
BCF08232692,2023-08-01
BCF08232693,2023-08-01
BCF08232694,2023-08-01
BCF08232695,2023-08-01
BCF08232696,2023-08-01
BCF08232697,2023-08-01
BCF08232698,2023-08-01
BCF08232699,2023-08-01
BCF08232700,2023-08-01
BCF08232701,2023-08-01
BCF08232702,2023-08-01
BCF08232703,2023-08-01
BCF08232704,2023-08-01
BCF08232705,2023-08-01
BCF08232706,2023-08-01
BCF08232707,2023-08-01
BCF08232708,2023-08-01
BCF08232709,2023-08-01
BCF08232710,2023-08-01
BCF08232711,2023-08-01
BCF08232712,2023-08-01
BCF08232713,2023-08-01
BCF08232714,2023-08-01
BCF08232715,2023-08-01
BCF08232716,2023-08-01
BCF08232717,2023-08-01
BCF08232718,2023-08-01
BCF08232719,2023-08-01
BCF08232720,2023-08-01
BCF08232721,2023-08-01
BCF08232722,2023-08-01
BCF08232723,2023-08-01
BCF08232724,2023-08-01
BCF08232725,2023-08-01
BCF08232726,2023-08-01
BCF08232727,2023-08-01
BCF08232728,2023-08-01
BCF08232729,2023-08-01
BCF08232730,2023-08-01
BCF08232731,2023-08-01
BCF08232732,2023-08-01
BCF08232733,2023-08-01
BCF08232734,2023-08-01
BCF08232735,2023-08-01
BCF08232736,2023-08-01
BCF08232737,2023-08-01
BCF08232738,2023-08-01
BCF08232739,2023-08-01
BCF08232740,2023-08-01
BCF08232741,2023-08-01
BCF08232742,2023-08-01
BCF08232743,2023-08-01
BCF08232744,2023-08-01
BCF08232745,2023-08-01
BCF08232746,2023-08-01
BCF08232747,2023-08-01
BCF08232748,2023-08-01
BCF08232749,2023-08-01
BCF08232750,2023-08-01
BCF08232751,2023-08-01
BCF08232752,2023-08-01
BCF08232753,2023-08-01
BCF08232754,2023-08-01
BCF08232755,2023-08-01
BCF08232756,2023-08-01
BCF08232757,2023-08-01
BCF08232758,2023-08-01
BCF08232759,2023-08-01
BCF08232760,2023-08-01
BCF08232761,2023-08-01
BCF08232762,2023-08-01
BCF08232763,2023-08-01
BCF08232764,2023-08-01
BCF08232765,2023-08-01
BCF08232766,2023-08-01
BCF08232767,2023-08-01
BCF08232768,2023-08-01
BCF08232769,2023-08-01
BCF08232770,2023-08-01
BCF08232771,2023-08-01
BCF08232772,2023-08-01
BCF08232773,2023-08-01
BCF08232774,2023-08-01
BCF08232775,2023-08-01
BCF08232776,2023-08-01
BCF08232777,2023-08-01
BCF08232778,2023-08-01
BCF08232779,2023-08-01
BCF08232780,2023-08-01
BCF08232781,2023-08-01
BCF08232782,2023-08-01
BCF08232783,2023-08-01
BCF08232784,2023-08-01
BCF08232785,2023-08-01
BCF08232786,2023-08-01
BCF08232787,2023-08-01
BCF08232788,2023-08-01
BCF08232789,2023-08-01
BCF08232790,2023-08-01
BCF08232791,2023-08-01
BCF08232792,2023-08-01
BCF08232793,2023-08-01
BCF08232794,2023-08-01
BCF08232795,2023-08-01
BCF08232796,2023-08-01
BCF08232797,2023-08-01
BCF08232798,2023-08-01
BCF08232799,2023-08-01
BCF08232800,2023-08-01
BCF08232801,2023-08-01
BCF08232802,2023-08-01
BCF08232803,2023-08-01
BCF08232804,2023-08-01
BCF08232805,2023-08-01
BCF08232806,2023-08-01
BCF08232807,2023-08-01
BCF08232808,2023-08-01
BCF08232809,2023-08-01
BCF08232810,2023-08-01
BCF08232811,2023-08-01
BCF08232812,2023-08-01
BCF08232813,2023-08-01
BCF08232814,2023-08-01
BCF08232815,2023-08-01
BCF08232816,2023-08-01
BCF08232817,2023-08-01
BCF08232818,2023-08-01
BCF08232819,2023-08-01
BCF08232820,2023-08-01
BCF08232821,2023-08-01
BCF08232822,2023-08-01
BCF08232823,2023-08-01
BCF08232824,2023-08-01
BCF08232825,2023-08-01
BCF08232826,2023-08-01
BCF08232827,2023-08-01
BCF08232828,2023-08-01
BCF08232829,2023-08-01
BCF08232830,2023-08-01
BCF08232831,2023-08-01
BCF08232832,2023-08-01
BCF08232833,2023-08-01
BCF08232834,2023-08-01
BCF08232835,2023-08-01
BCF08232836,2023-08-01
BCF08232837,2023-08-01
BCF08232838,2023-08-01
BCF08232839,2023-08-01
BCF08232840,2023-08-01
BCF08232841,2023-08-01
BCF08232842,2023-08-01
BCF08232843,2023-08-01
BCF08232844,2023-08-01
BCF08232845,2023-08-01
BCF08232846,2023-08-01
BCF08232847,2023-08-01
BCF08232848,2023-08-01
BCF08232849,2023-08-01
BCF08232850,2023-08-01
BCF08232851,2023-08-01
BCF08232852,2023-08-01
BCF08232853,2023-08-01
BCF08232854,2023-08-01
BCF08232855,2023-08-01
BCF08232856,2023-08-01
BCF08232857,2023-08-01
BCF08232858,2023-08-01
BCF08232859,2023-08-01
BCF08232860,2023-08-01
BCF08232861,2023-08-01
BCF08232862,2023-08-01
BCF08232863,2023-08-01
BCF08232864,2023-08-01
BCF08232865,2023-08-01
BCF08232866,2023-08-01
BCF08232867,2023-08-01
BCF08232868,2023-08-01
BCF08232869,2023-08-01
BCF08232870,2023-08-01
BCF08232871,2023-08-01
BCF08232872,2023-08-01
BCF08232873,2023-08-01
BCF08232874,2023-08-01
BCF08232875,2023-08-01
BCF08232876,2023-08-01
BCF08232877,2023-08-01
BCF08232878,2023-08-01
BCF08232879,2023-08-01
BCF08232880,2023-08-01
BCF08232881,2023-08-01
BCF08232882,2023-08-01
BCF08232883,2023-08-01
BCF08232884,2023-08-01
BCF08232885,2023-08-01
BCF08232886,2023-08-01
BCF08232887,2023-08-01
BCF08232888,2023-08-01
BCF08232889,2023-08-01
BCF08232890,2023-08-01
BCF08232891,2023-08-01
BCF08232892,2023-08-01
BCF08232893,2023-08-01
BCF08232894,2023-08-01
BCF08232895,2023-08-01
BCF08232896,2023-08-01
BCF08232897,2023-08-01
BCF08232898,2023-08-01
BCF08232899,2023-08-01
BCF08232900,2023-08-01
BCF08232901,2023-08-01
BCF08232902,2023-08-01
BCF08232903,2023-08-01
BCF08232904,2023-08-01
BCF08232905,2023-08-01
BCF08232906,2023-08-01
BCF08232907,2023-08-01
BCF08232908,2023-08-01
BCF08232909,2023-08-01
BCF08232910,2023-08-01
BCF08232911,2023-08-01
BCF08232912,2023-08-01
BCF08232913,2023-08-01
BCF08232914,2023-08-01
BCF08232915,2023-08-01
BCF08232916,2023-08-01
BCF08232917,2023-08-01
BCF08232918,2023-08-01
BCF08232919,2023-08-01
BCF08232920,2023-08-01
BCF08232921,2023-08-01
BCF08232922,2023-08-01
BCF08232923,2023-08-01
BCF08232924,2023-08-01
BCF08232925,2023-08-01
BCF08232926,2023-08-01
BCF08232927,2023-08-01
BCF08232928,2023-08-01
BCF08232929,2023-08-01
BCF08232930,2023-08-01
BCF08232931,2023-08-01
BCF08232932,2023-08-01
BCF08232933,2023-08-01
BCF08232934,2023-08-01
BCF08232935,2023-08-01
BCF08232936,2023-08-01
BCF08232937,2023-08-01
BCF08232938,2023-08-01
BCF08232939,2023-08-01
BCF08232940,2023-08-01
BCF08232941,2023-08-01
BCF08232942,2023-08-01
BCF08232943,2023-08-01
BCF08232944,2023-08-01
BCF08232945,2023-08-01
BCF08232946,2023-08-01
BCF08232947,2023-08-01
BCF08232948,2023-08-01
BCF08232949,2023-08-01
BCF08232950,2023-08-01
BCF08232951,2023-08-01
BCF08232952,2023-08-01
BCF08232953,2023-08-01
BCF08232954,2023-08-01
BCF08232955,2023-08-01
BCF08232956,2023-08-01
BCF08232957,2023-08-01
BCF08232958,2023-08-01
BCF08232959,2023-08-01
BCF08232960,2023-08-01
BCF08232961,2023-08-01
BCF08232962,2023-08-01
BCF08232963,2023-08-01
BCF08232964,2023-08-01
BCF08232965,2023-08-01
BCF08232966,2023-08-01
BCF08232967,2023-08-01
BCF08232968,2023-08-01
BCF08232969,2023-08-01
BCF08232970,2023-08-01
BCF08232971,2023-08-01
BCF08232972,2023-08-01
BCF08232973,2023-08-01
BCF08232974,2023-08-01
BCF08232975,2023-08-01
BCF08232976,2023-08-01
BCF08232977,2023-08-01
BCF08232978,2023-08-01
BCF08232979,2023-08-01
BCF08232980,2023-08-01
BCF08232981,2023-08-01
BCF08232982,2023-08-01
BCF08232983,2023-08-01
BCF08232984,2023-08-01
BCF08232985,2023-08-01
BCF08232986,2023-08-01
BCF08232987,2023-08-01
BCF08232988,2023-08-01
BCF08232989,2023-08-01
BCF08232990,2023-08-01
BCF08232991,2023-08-01
BCF08232992,2023-08-01
BCF08232993,2023-08-01
BCF08232994,2023-08-01
BCF08232995,2023-08-01
BCF08232996,2023-08-01
BCF08232997,2023-08-01
BCF08232998,2023-08-01
BCF08232999,2023-08-01
